<?xml version="1.0" encoding="UTF-8"?>
<Configuration status="WARN">
    <Appenders>
        <Console name="Console" target="SYSTEM_OUT">
            <PatternLayout
                    pattern="[%d{MM:dd HH:mm:ss.SSS}] [%level] [%logger{36}] - %msg%n"/>
        </Console>
        <RollingFile name="FileAppender" fileName="calculate_smallest_number.log" 
             filePattern="calculate_smallest_number-%d{yyyy-MM-dd}-%i.log">
    <PatternLayout>
        <Pattern>${LOG_PATTERN}</Pattern>
    </PatternLayout>
    <Policies>
        <SizeBasedTriggeringPolicy size="10MB" />
    </Policies>
    <DefaultRolloverStrategy max="10"/>
</RollingFile>

    </Appenders>
    <Loggers>
    
        <Root level="info">
            <AppenderRef ref="Console"/>
            <AppenderRef ref="file" />
        </Root>
    </Loggers>
</Configuration>